{ "spider":"https://files.zohopublic.com.cn/public/workdrive-public/download/uyv0t678c488189af47bb91dc108484d17431;md5;55894a9f32ba4201a1e2b157bb2e5c91",
 "wallpaper":"http://饭.eu.org/深色壁纸/api.php", 
"sites":[

 {"key":"csp_77","name":"👒七七┃App┃本接口免费-🈲贩卖","type":3,"api":"csp_Kunyu77","searchable":1,"quickSearch":1,"changeable":1},

 {
            "key": "drpy_js_好趣网",
            "name": "电视 | 好趣网",
            "type": 3,
            "api": "./drpy2.min.js",
            "changeable": 0,
            "playerType": "1",
            "searchable": 1,
            "quickSearch": 1,
            "filterable": 1,
            "ext": "./js/好趣网.js"
        },
        {
            "key": "drpy_js_直播大全",
            "name": "电视 | 直播大全",
            "type": 3,
            "api": "./live2cms.js",
            "changeable": 0,
            "ext": "./json/live2mv_data.json"
        },
 {"key":"csp_Bttoo","name":"壹搜 ‖云盘","type":3,"api":"csp_Bttwoo","searchable":1,"quickSearch":1,"filterable":1},       
 {"key":"陌陌","name":"🍄陌陌┃直连","type":3,"api":"csp_MmYs","searchable":1,"quickSearch":1,"changeable":0},
 {"key":"迪迪","name":"😎迪迪┃App","api":"csp_AppYsV2","type":3,"searchable":1,"quickSearch":1,"changeable":1,"ext":"https://api123.adys.app/xgapp.php/v3/"}, 
 {"key":"csp_Czsapp","name":"📔厂长┃直连","type":3,"api":"csp_Czsapp","playerType":2,"searchable":1,"quickSearch":1,"changeable":1}, 
{"key":"csp_DiDuan" ,"name":"⏮️低端┃直连","type":3,"api":"csp_Ddrk","searchable":1,"quickSearch":1,"changeable":1},
 {"key":"csp_Lib","name": "🌟利播┃直连","type": 3,"api": "csp_Libvio","searchable": 1,"quickSearch": 1,"changeable":1,"ext":"https://www.libvio.fun/"},
 {"key":"贱贱","name":"🐭贱贱┃p2p","type":3,"playerType":"1","api":"./drpy2.min.js","ext":"http://smallmi.xiaohewanwan.love:63/jp.js"},
 { "key": "csp_WoGG", "name": "玩偶哥哥(4k)", "type": 3, "api": "csp_WoGG", "searchable": 1, "quickSearch": 1, "filterable": 1 },

 {"key":"csp_YQKAPP","name":"🎉一起┃App","type":3,"api":"csp_YQKAPP","playerType":2,"searchable":1,"quickSearch":1,"changeable":1,"ext":"https://api-aws.11ty.top"},
 {"key":"csp_kuaikan","name":"👀快看┃App","type":3,"api":"csp_Kuaikan","searchable":1,"quickSearch":1,"changeable":1},
 {"key":"csp_AppMr","name":"👻明明┃App","type":3,"api":"csp_AppMr","searchable":1,"quickSearch":1,"changeable":1},
 {"key":"csp_Xinsj","name":"🐼视觉┃直连","type":3,"api":"csp_Xinsj","searchable":1,"quickSearch":1,"changeable":1,"ext":"https://www.6080yy3.com/"}, 
{"key":"csp_fantuan","name":"🍙饭团┃直连","type":3,"api":"csp_Fantuan","searchable":1,"quickSearch":1,"changeable":1,"ext":"https://www.fantuan3.com"}, 
{"key":"csp_Cokemv","name":"📕可乐┃直连","type":3,"api":"csp_Cokemv","playerType":2,"searchable":1,"quickSearch":1,"changeable":1},
 {"key":"csp_Nmys","name":"🌾农民┃直连","type":3,"api":"csp_Nmys","searchable":1,"quickSearch":1,"changeable":1,"ext":"http://饭太硬.top/tv/nmys.json"},
 {"key":"csp_Dy1010","name":"❤️双十┃直连","type":3,"api":"csp_Dy1010","searchable":1,"quickSearch":1,"changeable":1},
 {"key":"csp_Vofl","name":"🎈Vofl┃直连","type":3,"api":"csp_Voflix","searchable":1,"quickSearch":1,"changeable":1},
 {"key":"csp_Auete","name":"🏝奥特┃直连","type": 3,"api":"csp_Auete","searchable":1,"quickSearch":1,"changeable":1},
 {"key":"csp_zxzj","name":"📗在线┃直连","type":3,"api":"csp_Zxzj","searchable":1,"quickSearch":1,"changeable":1,"ext":"https://www.zxzj.pro/"},
 {"key":"csp_Lgyy","name":"🌀蓝光┃直连","type":3,"api":"csp_Lgyy","searchable":1,"quickSearch":1,"changeable":1,"ext":"https://www.lgyy.vip"},
 {"key":"csp_Ysgc","name":"🏭工场┃直连","type":3,"api":"csp_Ysgc","searchable":1,"quickSearch":1,"changeable":1,"ext":"https://www.ysgc.vip"}, 
{"key":"csp_SP33","name":"📺三三┃解析","type":3,"api":"csp_SP33","searchable":1,"quickSearch":1,"filterable":1,"changeable":0}, 
{"key":"Qtv","name":"🐧腾腾┃解析","type": 3,"api":"csp_Qtv","searchable": 1,"quickSearch": 1,"filterable":1,"changeable":0},
 {"key":"Itv","name":"🥝爱爱┃解析","type":3,"api":"csp_Itv","quickSearch":1,"searchable":1,"filterable":1,"changeable":0},
 {"key":"Mtv","name":"🍋芒芒┃解析","type":3,"api":"csp_Mtv","searchable":1,"quickSearch":1,"filterable":1,"changeable":0},
 {"key":"csp_xpath_dmw","name":"🚌动漫‖巴士","type":3,"api":"csp_XPathMacFilter","searchable":1,"quickSearch":1,"changeable":1,"ext":"./json/dmw.json"},


 {"key":"csp_Anime1","name":"🐾日本┃动漫","type": 3,"api": "csp_Anime1","searchable": 1,"quickSearch": 1,"changeable":1},
 {"key":"csp_Yj1211","name":"📽️网红┃直播","type": 3,"api": "csp_Yj1211","searchable": 1,"quickSearch": 1,"changeable":1},
 {"key":"88js","name":"⚽ 88┃看球","type":3,"api":"./drpy2.min.js","ext":"https://agit.ai/fantaiying/dr_py/raw/branch/main/js/88看球.js","style":{"type":"rect","ratio":1},"searchable": 0,"quickSearch": 0,"changeable":0},
 {"key":"csp_xp_qiumi","name":"⚽ Jrs┃球迷","type": 3,"api": "csp_XPath","style":{"type":"rect","ratio":1},"searchable": 0,"quickSearch": 0,"changeable":0,"ext": "http://饭太硬.top/tv/dj看球.json"}, {"key":"csp_XYQBiu_310直播","name":"⚽310┃看球","type":3,"api":"csp_XYQBiu","style":{"type":"rect","ratio":1},"searchable":0,"quickSearch":0,"changeable":0,"ext":"http://饭太硬.top/tv/310直播.json"}, {"key":"csp_XPath_企鹅体育","name":"🐧企鹅┃体育","type":3,"api":"csp_XPath","style":{"type":"rect","ratio":1.597},"searchable":0,"quickSearch":0,"changeable":0,"ext":"http://饭太硬.top/tv/企鹅直播.json"}, {"key":"酷奇js","name":"🎤酷奇┃MV","type": 3,"api":"./drpy2.min.js","ext":"https://agit.ai/fantaiying/dr_py/raw/branch/main/js/酷奇MV.js","style":{"type":"rect","ratio":1.597},"searchable": 0,"quickSearch": 0,"changeable":0},
 {"key":"虎牙直播js","name":"🐯虎牙┃直播","type":3,"api":"./drpy2.min.js","ext":"https://agit.ai/fantaiying/dr_py/raw/branch/main/js/虎牙直播.js","style":{"type":"rect","ratio":1.755},"searchable": 0,"quickSearch": 0,"changeable":0},
 {"key":"csp_XYQBiu_斗鱼","name":"🐟斗鱼┃直播","type":3,"api":"./drpy2.min.js","ext":"https://agit.ai/fantaiying/dr_py/raw/branch/main/js/斗鱼直播.js","style":{"type":"rect","ratio":1.755},"searchable": 0,"quickSearch": 0,"changeable":0},
 {"key":"csp_XBPQ_聚短视频","name":"📽️聚短┃视频","type":3,"api":"csp_XBPQ","searchable":0,"quickSearch":0,"changeable":0,"ext":"http://饭太硬.top/tv/短视频.json"}, {"key":"有声小说js","name":"🎧有声┃小说","type":3,"api":"http://xhww.fun:63/js/drpy1.min.js","ext":"https://agit.ai/fantaiying/dr_py/raw/branch/main/js/有声小说吧.js","style":{"type":"rect","ratio":1},"searchable": 0,"quickSearch": 0,"changeable":0}, {"key":"YiSo","name":"😹易搜┃搜索","type":3,"api":"csp_YiSo","searchable":1,"quickSearch":1,"changeable":0,"ext":"http://127.0.0.1:9978/file/tvfan/token.txt+4k|fhd|auto"},
 {"key":"Zhaozy","name":"🐺找资源┃搜索","type":3,"api":"csp_Zhaozy","searchable":1,"quickSearch":1,"changeable":0,"ext":"http://127.0.0.1:9978/file/tvfan/token.txt+4k|fhd|auto$$$fanfan$$$qqq111"},
  {"key":"PanSou","name":"🦊盘搜┃搜索","type":3,"api":"csp_PanSou","searchable":1,"quickSearch":1,"changeable":0,"ext":"http://127.0.0.1:9978/file/tvfan/token.txt+4k|fhd|auto"},
  {"key":"UpYun","name":"😻Up搜┃搜索","type":3,"api":"csp_UpYun","searchable":1,"quickSearch":1,"changeable":0,"ext":"http://127.0.0.1:9978/file/tvfan/token.txt+4k|fhd|auto"},
   {"key":"PanSearch","name":"🙀盘Se┃搜索","type":3,"api":"csp_PanSearch","searchable":1,"quickSearch":1,"changeable":0,"ext":"http://127.0.0.1:9978/file/tvfan/token.txt+4k|fhd|auto"},
   {"key":"七夜","name":"😾七夜┃搜索","type":3,"api":"csp_Dovx","searchable":1,"quickSearch":1,"changeable":0,"ext":"http://127.0.0.1:9978/file/tvfan/token.txt+4k|fhd|auto"},
    {"key":"push_agent","name":"🛴手机┃推送","type":3,"api":"csp_Push","searchable":0,"quickSearch":0,"ext":"http://127.0.0.1:9978/file/tvfan/token.txt+4k|fhd|auto"},
 
 {"key":"csp_GitCafe2","name":"「紙条搜索」‖云盘‖","type":3,"api":"csp_Gitcafe","searchable": 1,"quickSearch": 1,"filterable": 0,"changeable": 0,"ext": "http://www.tvbox.lltv8.top/TVBox/jar/alitoken.txt","jar":"http://www.tvbox.lltv8.top/TVBox/Hk/Hk.jar"},

{"key": "易搜","name": "「 易搜索 」‖云盘‖","type": 3,"api": "csp_YiSo","searchable": 1,"quickSearch": 1,"filterable": 0,"changeable": 0,"ext": "http://www.tvbox.lltv8.top/TVBox/jar/alitoken.txt"},

{"key":"PanSearch","name":"「 Search 」‖云盘‖","type":3,"api":"csp_PanSearch","searchable":1,"quickSearch":1,"filterable":0,"ext":"http://www.tvbox.lltv8.top/TVBox/jar/alitoken.txt"},

{"key": "UP云搜","name": "「 UP云搜 」‖云盘‖","type": 3,"api": "csp_UpYun","searchable": 1,"quickSearch": 1,"filterable": 0,"changeable": 0,"ext": "http://www.tvbox.lltv8.top/TVBox/jar/alitoken.txt"},



{"key": "csp_xpath_bttwoo","name": "「 BT2 搜 」‖云盘‖","type": 3,"api": "csp_XPath","searchable": 1,"quickSearch": 1,"filterable": 1,"ext": "http://www.tvbox.lltv8.top/TVBox/MaooXP/bttwoo.json","jar":"http://www.tvbox.lltv8.top/TVBox/jar/xzy1029.jar"},


{"key": "push_agent","name": "「 推送搜 」‖云盘‖","type": 3,"api": "csp_Push","searchable": 1,"filterable": 0,"switchable": 0,"ext": "http://www.tvbox.lltv8.top/TVBox/jar/alitoken.txt"},

{"key": "csp_Alist1","name": "「 Alist搜」‖云盘‖","type": 3, "api": "csp_AList","searchable": 1, "filterable": 1,"ext":"http://www.tvbox.lltv8.top/TVBox/Bilibili/Alist1.json"},

{"key":"MV","name":"📚哔哩┃MV","type":3,"api":"csp_Bili","style":{"type":"rect","ratio":1.597},"searchable":0,"quickSearch":0,"changeable":0,"ext":"./json/哔哩MV.json"},
 {"key":"戏曲","name":"📚 ┃戏曲","type":3,"api":"csp_Bili","style":{"type":"rect","ratio":1.597},"searchable":0,"quickSearch":0,"changeable":0,"ext":"./json/戏曲.json"}, 

 {"key":"dr_兔小贝","name":"📚儿童┃启蒙","type":3,"api":"./drpy2.min.js","ext":"./js/儿童启蒙.js","style":{"type":"rect","ratio":1.597},"searchable": 0,"quickSearch": 0,"changeable":0},
 {"key":"少儿教育","name":"📚少儿┃教育","type":3,"api":"csp_Bili","style":{"type":"rect","ratio":1.597},"searchable":0,"quickSearch":0,"changeable":0,"ext":"./json/少儿教育.json"},
 {"key":"小学课堂","name":"📚小学┃课堂","type":3,"api":"csp_Bili","style":{"type":"rect","ratio":1.597},"searchable":0,"quickSearch":0,"changeable":0,"ext":"./json/小学课堂.json"},
 {"key":"初中课堂","name":"📚初中┃课堂","type":3,"api":"csp_Bili","style":{"type":"rect","ratio":1.597},"searchable":0,"quickSearch":0,"changeable":0,"ext":"./json/初中课堂.json"},
 {"key":"高中教育","name":"📚高中┃课堂","type":3,"api":"csp_Bili","style":{"type":"rect","ratio":1.597},"searchable":0,"quickSearch":0,"changeable":0,"ext":"./json/高中课堂.json"}, 

 {"key":"📚学堂┃教育","name":"📚学堂┃教育","type":3,"api":"csp_Bili","style":{"type":"rect","ratio":1.597},"searchable":0,"quickSearch":0,"changeable":0,"ext":"./json/吾爱学堂.json"},
 {"key":"外语","name":"📚外语┃教程","type":3,"api":"csp_Bili","style":{"type":"rect","ratio":1.597},"searchable":0,"quickSearch":0,"changeable":0,"ext":"./json/哔哩外语.json"},
 {"key":"PS","name":"📚 PS┃教程 ","type":3,"api":"csp_Bili","style":{"type":"rect","ratio":1.597},"searchable":0,"quickSearch":0,"changeable":0,"ext":"./json/a.json"},
{"key":"Exce教程","name":"📚Excel┃教程 ","type":3,"api":"csp_Bili","style":{"type":"rect","ratio":1.597},"searchable":0,"quickSearch":0,"changeable":0,"ext":"./json/Excel教程.json"},
     

 {"key":"cc","name":"请勿相信视频中任何广告","type":3,"api":"csp_XPath","searchable": 0,"quickSearch": 0} ], "parses":[ {"name":"聚合1","type":3,"url":"Demo"},
  {"name":"聚合0","type":3,"url":"Web"},
   {"name":"刚佬","type":1,"url":"http://json.g9.pub:66/?url=","ext":{"flag":["qq","腾讯","qiyi","爱奇艺","奇艺","youku","优酷","mgtv","imgo","芒果","letv","乐视","pptv","PPTV","sohu","bilibili","哔哩哔哩","哔哩"],"header":{"User-Agent":"okhttp/4.1.0"}}},
  {"name":"全部","type":0,"url":"https://yun.ckmov.com/?url=","ext":{"flag":["qq","腾讯","qiyi","爱奇艺","奇艺","youku","优酷","mgtv","imgo","芒果","letv","乐视","pptv","PPTV","sohu","bilibili","哔哩哔哩","哔哩"],"header":{"User-Agent":"okhttp/4.1.0"}}},
 {"name":"来自","type":0,"url":"https://jx.zhanlangbu.com/?url=","ext":{"flag":["qq","腾讯","qiyi","爱奇艺","奇艺","youku","优酷","sohu","搜狐","letv","乐视","mgtv","芒果","imgo","rx","ltnb","bilibili","1905","xigua"]}}, {"name":"网络","type":1,"url":"https://api.cygc.xyz/analysis/?url=","ext":{"flag":["qq","腾讯","qiyi","爱奇艺","奇艺","youku","优酷","sohu","搜狐","letv","乐视","imgo","mgtv","芒果","rx","ltnb","bilibili","1905","xigua"]}}, 
{"name":"大家","type":0,"url":"https://jx.xmflv.com/?url=","ext":{"flag":["qq","腾讯","qiyi","爱奇艺","奇艺","youku","优酷","mgtv","芒果","imgo","letv","乐视","pptv","PPTV","sohu","bilibili","哔哩哔哩","哔哩"],"header":{"User-Agent":"okhttp/4.1.0"}}}, 
{"name": "随便用","type": 1,"url": "https://jx.ccabc.cc/xc/?key=5567332json&url="}, {"name":"坏了","type":0,"url":"http://27.124.4.42:4567/jhjson/ceshi.php?url=","ext":{"flag":["qq","腾讯","qiyi","爱奇艺","奇艺","youku","优酷","mgtv","imgo","芒果","letv","乐视","pptv","PPTV","sohu","bilibili","哔哩哔哩","哔哩"],"header":{"User-Agent":"okhttp/4.1.0"}}}, {"name":"我再找来","type":1,"url":"https://b.umkan.cc/API.php?url=","ext":{"flag":["qq","腾讯","企鹅","IQiYi","qiyi","imgo","爱奇艺","奇艺","youku","YouKu","优酷","sohu","SoHu","搜狐","letv","LeShi","乐视","imgo","mgtv","MangGuo","芒果","SLYS4k","BYGA","luanzi","AliS","dxzy","bilibili","QEYSS","xigua","西瓜视频","腾讯视频","奇艺视频","优酷视频","芒果视频","乐视视频"]}} ], "rules":[{"name":"量子","hosts":["vip.lz","hd.lz"],"regex":["#EXT-X-DISCONTINUITY\\r*\\n*#EXTINF:6.433333,[\\s\\S]*?#EXT-X-DISCONTINUITY","#EXTINF.*?\\s+.*?1o.*?\\.ts\\s+"]},{"name":"非凡","hosts":["vip.ffzy","hd.ffzy"],"regex":["#EXT-X-DISCONTINUITY\\r*\\n*#EXTINF:6.666667,[\\s\\S]*?#EXT-X-DISCONTINUITY","#EXTINF.*?\\s+.*?1o.*?\\.ts\\s+"]},{"name":"火山","hosts":["huoshan.com"],"regex":["item_id="]},
{"name":"抖音","hosts":["douyin.com"],"regex":["is_play_url="]}], "lives":[{"name":"live","type":0,"url":"./live.txt","playerType":1,"epg":"http://epg.112114.xyz/?ch={name}&date={date}","logo": "https://epg.112114.xyz/logo/{name}.png"}], "flags":["youku","优酷","优 酷","优酷视频", "qq","腾讯","腾 讯","腾讯视频", "iqiyi", "qiyi","奇艺","爱奇艺","爱 奇 艺", "m1905", "xigua", "letv","leshi","乐视","乐 视", "sohu","搜狐","搜 狐","搜狐视频", "tudou", "pptv", "mgtv","芒果","imgo","芒果TV","芒 果 T V", "bilibili","哔 哩","哔 哩 哔 哩"], "ads":["wan.51img1.com","iqiyi.hbuioo.com","vip.ffzyad.com","https://lf1-cdn-tos.bytegoofy.com/obj/tos-cn-i-dy/455ccf9e8ae744378118e4bd289288dd"] }