{
  "classes": [

    {
      "type_name": "英语",
      "type_id": "英语学习"
    },
    {
      "type_name": "西班牙语",
      "type_id": "西班牙语"
    },
    {
      "type_name": "法语",
      "type_id": "法语"
    },
   {
      "type_name": "德语",
      "type_id": "德语"
    },
    {
      "type_name": "俄语",
      "type_id": "俄语"
    },
    {
      "type_name": "韩语",
      "type_id": "韩语"
    },
    {
      "type_name": "日语",
      "type_id": "日语"
    },
 {
      "type_name": "阿拉伯语",
      "type_id": "阿拉伯语"
    },

    {
      "type_name": "意大利语",
      "type_id": "意大利语"
    }
    

  ],
  
   "cookie": "innersign=0;buvid3=2E536ADC-CD6D-46AB-A9FF-904395151EE369713infoc;b_nut=1669016569;i-wanna-go-back=-1;b_ut=7;_uuid=761F7F106-C575-884D-6C10A-92BC10A10D10FBC68934infoc;buvid4=5B25B999-AE15-E09A-A0CC-3661981B71BF70255-122112115-JOyWSaNZfI2kZmT1KYmcQA%3D%3D;fingerprint=6d9ef93c89a567d22b6a9c4104e6cc50;buvid_fp_plain=undefined;buvid_fp=6d9ef93c89a567d22b6a9c4104e6cc50;SESSDATA=2d6f63c8%2C1684568607%2C19eb6%2Ab1;bili_jct=21d538b01566c26afc81ff68c2ac7dca;DedeUserID=3493083203242585;DedeUserID__ckMd5=7b86f3894ed7f8c0;sid=ng0uyvaz;b_lsid=97FB69A2_1869DE8E2C5;bg_view_44176=720227",
//"cookie":"_uuid=5E4B2B98-1014A-84D8-FA33-EC210C5BEC10DA82367infoc; buvid3=E9D0A426-85E9-E6C7-C75E-206A3E1BEB4D81910infoc; b_nut=1666168082; buvid4=4FC87B9C-3540-2275-688C-8612D3EA719B81910-022101916-ZLe640jXRAMHySuaCe9aUw==; rpdid=|(k|u)YYm)uY0J'uYYYuY)uuu; i-wanna-go-back=-1; fingerprint=9c214a6da0197a48e576ccf22e9f0ac7; buvid_fp_plain=undefined; nostalgia_conf=-1; DedeUserID=3493076028885079; DedeUserID__ckMd5=60a8757a1f4d6ae9; buvid_fp=9c214a6da0197a48e576ccf22e9f0ac7; CURRENT_QUALITY=80; b_ut=5; PVID=2; bp_video_offset_3493076028885079=undefined; bsource=search_google; SESSDATA=42b8ada6,1683277266,4bd05*b2; bili_jct=2dbe39aea02b41324395630a24d4775f; sid=89gnel66; innersign=0; b_lsid=9EF63922_1844D55A286; CURRENT_FNVAL=4048",
  
  "filter": {


"英语学习": [
{"key": "order","name": "排序","value": [
{"n": "综合排序","v": "0"},
{"n": "最多点击","v": "click"},
{"n": "最新发布","v": "pubdate"},
{"n": "最多弹幕","v": "dm"},
{"n": "最多收藏","v": "stow"}
]
},
   {
        "key": "tid",
        "name": "分类",
        "value": [
          {
            "n": "英语语法",
            "v": "英语语法"
          },
           {
            "n": "英语口语",
            "v": "英语口语"
          },
          {
            "n": "英语基础",
            "v": "英语基础"
            },

               {
            "n": "英语字母",
            "v": "英语字母"
          },
          {
            "n": "英语词汇",
            "v": "英语词汇"
          },
          {
            "n": "英语听力",
            "v": "英语听力"
          },
          {
            "n": "英语考试",
            "v": "英语考试"
          }
          
            ]
            },

{"key": "duration","name": "时长","value": [
{"n": "全部时长","v": "0"},
{"n": "60分钟以上","v": "4"},
{"n": "30~60分钟","v": "3"},
{"n": "10~30分钟","v": "2"},
{"n": "10分钟以下","v": "1"}

]
}
],



"法语": [
{"key": "order","name": "排序","value": [
{"n": "综合排序","v": "0"},
{"n": "最多点击","v": "click"},
{"n": "最新发布","v": "pubdate"},
{"n": "最多弹幕","v": "dm"},
{"n": "最多收藏","v": "stow"}
]
},
   {
        "key": "tid",
        "name": "分类",
        "value": [
          {
            "n": "法语语法",
            "v": "法语语法"
          },
           {
            "n": "法语口语",
            "v": "法语口语"
          },
          {
            "n": "法语基础",
            "v": "法语基础"
            },

               {
            "n": "法语字母",
            "v": "法语字母"
          },
          {
            "n": "法语词汇",
            "v": "法语词汇"
          },
          {
            "n": "法语听力",
            "v": "法语听力"
          },
          {
            "n": "法语考试",
            "v": "法语考试"
          }
          
            ]
            },

{"key": "duration","name": "时长","value": [
{"n": "全部时长","v": "0"},
{"n": "60分钟以上","v": "4"},
{"n": "30~60分钟","v": "3"},
{"n": "10~30分钟","v": "2"},
{"n": "10分钟以下","v": "1"}

]
}
],


"西班牙语": [
{"key": "order","name": "排序","value": [
{"n": "综合排序","v": "0"},
{"n": "最多点击","v": "click"},
{"n": "最新发布","v": "pubdate"},
{"n": "最多弹幕","v": "dm"},
{"n": "最多收藏","v": "stow"}
]
},
   {
        "key": "tid",
        "name": "分类",
        "value": [
          {
            "n": "西班牙语语法",
            "v": "西班牙语语法"
          },
           {
            "n": "西班牙语口语",
            "v": "西班牙语口语"
          },
          {
            "n": "西班牙语基础",
            "v": "西班牙语基础"
            },

               {
            "n": "西班牙语字母",
            "v": "西班牙语字母"
          },
          {
            "n": "西班牙语词汇",
            "v": "西班牙语词汇"
          },
          {
            "n": "西班牙语听力",
            "v": "西班牙语听力"
          },
          {
            "n": "西班牙语考试",
            "v": "西班牙语考试"
          }
          
            ]
            },

{"key": "duration","name": "时长","value": [
{"n": "全部时长","v": "0"},
{"n": "60分钟以上","v": "4"},
{"n": "30~60分钟","v": "3"},
{"n": "10~30分钟","v": "2"},
{"n": "10分钟以下","v": "1"}

]
}
],



"德语": [
{"key": "order","name": "排序","value": [
{"n": "综合排序","v": "0"},
{"n": "最多点击","v": "click"},
{"n": "最新发布","v": "pubdate"},
{"n": "最多弹幕","v": "dm"},
{"n": "最多收藏","v": "stow"}
]
},
   {
        "key": "tid",
        "name": "分类",
        "value": [
          {
            "n": "德语语法",
            "v": "德语语法"
          },
           {
            "n": "德语口语",
            "v": "德语口语"
          },
          {
            "n": "德语基础",
            "v": "德语基础"
            },

               {
            "n": "德语字母",
            "v": "德语字母"
          },
          {
            "n": "德语词汇",
            "v": "德语词汇"
          },
          {
            "n": "德语听力",
            "v": "德语听力"
          },
          {
            "n": "德语考试",
            "v": "德语考试"
          }
          
            ]
            },

{"key": "duration","name": "时长","value": [
{"n": "全部时长","v": "0"},
{"n": "60分钟以上","v": "4"},
{"n": "30~60分钟","v": "3"},
{"n": "10~30分钟","v": "2"},
{"n": "10分钟以下","v": "1"}

]
}
],



"日语": [
{"key": "order","name": "排序","value": [
{"n": "综合排序","v": "0"},
{"n": "最多点击","v": "click"},
{"n": "最新发布","v": "pubdate"},
{"n": "最多弹幕","v": "dm"},
{"n": "最多收藏","v": "stow"}
]
},
   {
        "key": "tid",
        "name": "分类",
        "value": [
          {
            "n": "日语语法",
            "v": "日语语法"
          },
           {
            "n": "日语口语",
            "v": "日语口语"
          },
          {
            "n": "日语基础",
            "v": "日语基础"
            },

               {
            "n": "日语字母",
            "v": "日语字母"
          },
          {
            "n": "日语词汇",
            "v": "日语词汇"
          },
          {
            "n": "日语听力",
            "v": "日语听力"
          },
          {
            "n": "日语考试",
            "v": "日语考试"
          }
          
            ]
            },

{"key": "duration","name": "时长","value": [
{"n": "全部时长","v": "0"},
{"n": "60分钟以上","v": "4"},
{"n": "30~60分钟","v": "3"},
{"n": "10~30分钟","v": "2"},
{"n": "10分钟以下","v": "1"}

]
}
],



"韩语": [
{"key": "order","name": "排序","value": [
{"n": "综合排序","v": "0"},
{"n": "最多点击","v": "click"},
{"n": "最新发布","v": "pubdate"},
{"n": "最多弹幕","v": "dm"},
{"n": "最多收藏","v": "stow"}
]
},
   {
        "key": "tid",
        "name": "分类",
        "value": [
          {
            "n": "韩语语法",
            "v": "韩语语法"
          },
           {
            "n": "韩语口语",
            "v": "韩语口语"
          },
          {
            "n": "韩语基础",
            "v": "韩语基础"
            },

               {
            "n": "韩语字母",
            "v": "韩语字母"
          },
          {
            "n": "韩语词汇",
            "v": "韩语词汇"
          },
          {
            "n": "韩语听力",
            "v": "韩语听力"
          },
          {
            "n": "韩语考试",
            "v": "韩语考试"
          }
          
            ]
            },

{"key": "duration","name": "时长","value": [
{"n": "全部时长","v": "0"},
{"n": "60分钟以上","v": "4"},
{"n": "30~60分钟","v": "3"},
{"n": "10~30分钟","v": "2"},
{"n": "10分钟以下","v": "1"}

]
}
],



"意大利语": [
{"key": "order","name": "排序","value": [
{"n": "综合排序","v": "0"},
{"n": "最多点击","v": "click"},
{"n": "最新发布","v": "pubdate"},
{"n": "最多弹幕","v": "dm"},
{"n": "最多收藏","v": "stow"}
]
},
   {
        "key": "tid",
        "name": "分类",
        "value": [
          {
            "n": "意大利语语法",
            "v": "意大利语语法"
          },
           {
            "n": "意大利语口语",
            "v": "意大利语口语"
          },
          {
            "n": "意大利语基础",
            "v": "意大利语基础"
            },

               {
            "n": "意大利语字母",
            "v": "意大利语字母"
          },
          {
            "n": "意大利语词汇",
            "v": "意大利语词汇"
          },
          {
            "n": "意大利语听力",
            "v": "意大利语听力"
          },
          {
            "n": "意大利语考试",
            "v": "意大利语考试"
          }
          
            ]
            },

{"key": "duration","name": "时长","value": [
{"n": "全部时长","v": "0"},
{"n": "60分钟以上","v": "4"},
{"n": "30~60分钟","v": "3"},
{"n": "10~30分钟","v": "2"},
{"n": "10分钟以下","v": "1"}

]
}
],



"俄语": [
{"key": "order","name": "排序","value": [
{"n": "综合排序","v": "0"},
{"n": "最多点击","v": "click"},
{"n": "最新发布","v": "pubdate"},
{"n": "最多弹幕","v": "dm"},
{"n": "最多收藏","v": "stow"}
]
},
   {
        "key": "tid",
        "name": "分类",
        "value": [
          {
            "n": "俄语语法",
            "v": "俄语语法"
          },
           {
            "n": "俄语口语",
            "v": "俄语口语"
          },
          {
            "n": "俄语基础",
            "v": "俄语基础"
            },

               {
            "n": "俄语字母",
            "v": "俄语字母"
          },
          {
            "n": "俄语词汇",
            "v": "俄语词汇"
          },
          {
            "n": "俄语听力",
            "v": "俄语听力"
          },
          {
            "n": "俄语考试",
            "v": "俄语考试"
          }
          
            ]
            },

{"key": "duration","name": "时长","value": [
{"n": "全部时长","v": "0"},
{"n": "60分钟以上","v": "4"},
{"n": "30~60分钟","v": "3"},
{"n": "10~30分钟","v": "2"},
{"n": "10分钟以下","v": "1"}

]
}
],




"阿拉伯语": [
{"key": "order","name": "排序","value": [
{"n": "综合排序","v": "0"},
{"n": "最多点击","v": "click"},
{"n": "最新发布","v": "pubdate"},
{"n": "最多弹幕","v": "dm"},
{"n": "最多收藏","v": "stow"}
]
},
   {
        "key": "tid",
        "name": "分类",
        "value": [
          {
            "n": "阿拉伯语语法",
            "v": "阿拉伯语语法"
          },
           {
            "n": "阿拉伯语口语",
            "v": "阿拉伯语口语"
          },
          {
            "n": "阿拉伯语基础",
            "v": "阿拉伯语基础"
            },

               {
            "n": "阿拉伯语字母",
            "v": "阿拉伯语字母"
          },
          {
            "n": "阿拉伯语词汇",
            "v": "阿拉伯语词汇"
          },
          {
            "n": "阿拉伯语听力",
            "v": "阿拉伯语听力"
          },
          {
            "n": "阿拉伯语考试",
            "v": "阿拉伯语考试"
          }
          
            ]
            },

{"key": "duration","name": "时长","value": [
{"n": "全部时长","v": "0"},
{"n": "60分钟以上","v": "4"},
{"n": "30~60分钟","v": "3"},
{"n": "10~30分钟","v": "2"},
{"n": "10分钟以下","v": "1"}
]}
]
}}