[
{
"name": "小鸭",
"server": "http://shicheng.wang:555/",
"startPage": "/",
"showAll": false,
"search": true,
"params": {
"/abc": {
"password": "123"
},
"/abc/abc": {
"password": "123"
}
}
},
{
"name": "小猫",
"server": "https://nics.eu.org",
"startPage": "/SP1",
"showAll": false,
"search": true,
"params": {
"/abc": {
"password": "123"
},
"/abc/abc": {
"password": "123"
}
}
},
{
"name": "小狗电影",
"server": "https://alist.ccome.site",
"startPage": "/电影",
"showAll": false,
"search": true,
"params": {
"/abc": {
"password": "123"
},
"/abc/abc": {
"password": "123"
}
}
},
{
"name": "小鸟剧集",
"server": "https://alist.ccome.site",
"startPage": "/电视剧1",
"showAll": false,
"search": true,
"params": {
"/abc": {
"password": "123"
},
"/abc/abc": {
"password": "123"
}
}
},
{
"name": "小象动漫",
"server": "https://alist.ccome.site",
"startPage": "/动漫",
"showAll": false,
"search": true,
"params": {
"/abc": {
"password": "123"
},
"/abc/abc": {
"password": "123"
}
}
},
        {
        "name" : "🙋丫仙女",
        "server" : "http://alist.xiaoya.pro",
        "startPage" : "/",
        "showAll" : false,
        "search" : true
    },
        {
        "name" : "👍ECVE",
        "server" : "https://pan.ecve.cn",
        "startPage" : "/",
        "showAll" : false,
        "search" : true
    },
        {
        "name" : "🐋一只鱼",
        "server" : "https://alist.youte.ml",
        "startPage" : "/",
        "showAll" : false,
        "search" : true
    },
        {
        "name" : "🌊七米蓝",
        "server" : "https://al.chirmyram.com",
        "startPage" : "/",
        "showAll" : false,
        "search" : true
    },
        {
        "name" : "🐉神族九帝",
        "server" : "https://alist.shenzjd.com",
        "startPage" : "/",
        "showAll" : false,
        "search" : true
    },
        {
        "name" : "☃️姬路白雪",
        "server" : "https://pan.jlbx.xyz",
        "startPage" : "/",
        "showAll" : false,
        "search" : true
    },
        {
        "name" : "✨星梦",
        "server" : "https://pan.bashroot.top",
        "startPage" : "/",
        "showAll" : false,
        "search" : true
    }]