[
{"name": "豪洋",     "url": "https://gitee.com/ranmengrui/ranli/raw/master/live2.txt"},        
{"name": "甜蜜",     "url": "http://zdir.kebedd69.repl.co/public/live.txt"},
{"name": "俊于",     "url": "http://home.jundie.top:81/Cat/tv/live.txt"},
{"name": "菜妮丝",     "url": "http://xn--ihqu10cn4c.xn--z7x900a.love:63/TV/tvzb.txt"},
{"name": "布里m3u",     "url": "http://jiexi.bulisite.top/m3u.php"},
{"name": "吾爱",     "url": "http://52bsj.vip:81/api/v3/file/get/763/live.txt?sign=87BTGT1_6AOry7FPwy_uuxFTv2Wcb9aDMj46rDdRTD8%3D%3A0"},
{"name": "饭太硬",     "url": "https://ghproxy.com/raw.githubusercontent.com/dxawi/0/main/tvlive.txt"}
]
